name,mae,rmse,r2,cv_r2_mean,task
XGBoost,4.088658968736991,6.655952972153994,0.5179037358994347,0.5108750945748705,A_kWh
RF,4.037387453821407,6.54656735242315,0.5336193136971383,0.521992664794856,A_kWh
XGBoost,129.67313262746327,181.2366720559927,0.3375400799751621,0.33931037303680445,B_duration
RF,128.93362304958507,180.38751379790727,0.34373325789074893,0.3469057398960834,B_duration
