name,mae,rmse,r2,cv_r2_mean,task
XGBoost,4.009686139401546,6.419136050879538,0.5220364794228396,0.5233352811690585,A_kWh
RF,3.9982124460806254,6.406447611667932,0.5239241531521281,0.5334831710397177,A_kWh
XGBoost,143.6263034336786,188.99926626737383,0.26468085513343254,0.22660108600251877,B_duration
RF,142.70341323922239,188.39250832852267,0.2693945724572596,0.23468627439549214,B_duration
